Student_ID,Student_Name,Student_DOB,Student_email
1111,Ram,5/1/1999,ram@gmail.com
1112,Shyam,6/2/1999,shyam@gmail.com
1113,Pawan,11/7/2000,pawan@gmail.com
1114,Kiran,6/12/2000,kiran@gmail.com
1115,Mayuri,22/8/1999,mayuri@gmail.com
1116,Allen,5/7/2001,allen@gmail.com
